{"Accuracy": [0.4375851112119837, 0.25102133454380393, 0.23740354062641852, 0.22560145256468453, 0.11938266000907853], 
"Precision": [0.4375851112119837, 0.25102133454380393, 0.23740354062641852, 0.2257039055404178, 0.11938266000907853], 
"Recall": [1.0, 1.0, 1.0, 0.9979919678714859, 1.0], 
"F1 Score": [
    0.6087780233659614, 
    0.40130624092888245, 
    0.38371239911958915, 
    0.36814814814814817, 
    0.2133008921330089]}