{"Accuracy": [0.9591655570350643, 0.8819351975144252, 0.8881491344873502, 0.9471815357301376, 0.9946737683089214, 0.9613848202396804, 0.9684864624944518, 0.9920106524633822, 0.9951176209498447], 
"Precision": [0.673469387755102, 0.5617977528089888, 0.5491329479768786, 0.5925925925925926, 0.0, 0.0, 0.9792069632495164, 0.0, 0.0], 
"Recall": [0.6923076923076923, 0.6451612903225806, 0.6643356643356644, 0.460431654676259, 0.0, 0.0, 0.9863614223088164, 0.0, 0.0], 
"F1 Score": [
    0.6827586206896552, 
    0.6006006006006006, 
    0.6012658227848101, 
    0.5182186234817814, 
    0.0, 
    0.0, 
    0.9827711720456199, 
    0.0, 
    0.0]}