{"Accuracy": [0.9565217391304348, 0.9768115942028985, 0.9971014492753624, 0.9420289855072463, 0.9420289855072463, 0.9507246376811594, 0.9304347826086956, 0.9826086956521739], 
"Precision": [0.8852459016393442, 0.9047619047619048, 1.0, 0.865979381443299, 0.6153846153846154, 0.8, 0.7777777777777778, 0.6666666666666666], 
"Recall": [0.8709677419354839, 0.9047619047619048, 0.8888888888888888, 0.9230769230769231, 0.34782608695652173, 0.625, 0.7142857142857143, 0.5], 
"F1 Score": [
    0.8780487804878049, 
    0.9047619047619048, 
    0.9411764705882353, 
    0.8936170212765957, 
    0.4444444444444444, 
    0.7017543859649122, 
    0.7446808510638298, 
    0.5714285714285715]}