{"Accuracy": [0.9637243047158404, 0.9842805320435308, 0.992744860943168, 0.9939540507859734, 0.9854897218863361, 0.9879081015719468], 
"Precision": [0.47058823529411764, 0.8, 0.9285714285714286, 0.7894736842105263, 0.5555555555555556, 0.9354838709677419], 
"Recall": [0.5714285714285714, 0.8235294117647058, 0.8666666666666667, 0.9375, 0.38461538461538464, 0.7837837837837838], 
"F1 Score": [
    0.5161290322580646, 
    0.8115942028985507, 
    0.896551724137931, 
    0.8571428571428572, 
    0.4545454545454546, 
    0.8529411764705881]}