{"Accuracy": [0.9746070133010882, 0.9830713422007256, 0.9915356711003628, 0.9939540507859734, 0.9866989117291415, 0.9866989117291415], 
"Precision": [0.7692307692307693, 0.7941176470588235, 0.9259259259259259, 0.7619047619047619, 0.5833333333333334, 0.90625], 
"Recall": [0.35714285714285715, 0.7941176470588235, 0.8333333333333334, 1.0, 0.5384615384615384, 0.7837837837837838], 
"F1 Score": [
    0.48780487804878053, 
    0.7941176470588235, 
    0.8771929824561403, 
    0.8648648648648648, 
    0.5599999999999999, 
    0.8405797101449275]}