{"Accuracy": [0.9903264812575574, 0.9939540507859734, 0.9987908101571947, 0.9915356711003628, 0.9963724304715841, 0.9939540507859734], 
"Precision": [0.8846153846153846, 0.9142857142857143, 1.0, 0.7142857142857143, 1.0, 0.9444444444444444], 
"Recall": [0.8214285714285714, 0.9411764705882353, 0.9666666666666667, 0.9375, 0.7692307692307693, 0.918918918918919], 
"F1 Score": [
    0.8518518518518519, 
    0.9275362318840579, 
    0.983050847457627, 
    0.8108108108108109, 
    0.8695652173913044, 
    0.9315068493150684]}