{"Accuracy": [0.9685610640870617, 0.9842805320435308, 0.9879081015719468, 0.9939540507859734, 0.9866989117291415, 0.9903264812575574], 
"Precision": [0.5416666666666666, 0.7837837837837838, 0.9166666666666666, 0.7894736842105263, 0.6666666666666666, 0.9142857142857143], 
"Recall": [0.4642857142857143, 0.8529411764705882, 0.7333333333333333, 0.9375, 0.3076923076923077, 0.8648648648648649], 
"F1 Score": [
    0.5, 
    0.8169014084507041, 
    0.8148148148148148, 
    0.8571428571428572, 
    0.42105263157894735, 
    0.888888888888889]}