{"Accuracy": [0.9826086956521739, 0.9710144927536232, 0.9971014492753624, 0.9449275362318841, 0.9304347826086956, 0.9536231884057971, 0.936231884057971, 0.9855072463768116], 
"Precision": [0.9516129032258065, 0.9, 1.0, 0.86, 0.48484848484848486, 0.8333333333333334, 0.7368421052631579, 1.0], 
"Recall": [0.9516129032258065, 0.8571428571428571, 0.8888888888888888, 0.945054945054945, 0.6956521739130435, 0.625, 0.8571428571428571, 0.375], 
"F1 Score": [
    0.9516129032258065, 
    0.8780487804878048, 
    0.9411764705882353, 
    0.9005235602094239, 
    0.5714285714285715, 
    0.7142857142857143, 
    0.7924528301886793, 
    0.5454545454545454]}