{"Accuracy": [0.9594202898550724, 0.9681159420289855, 0.9884057971014493, 0.936231884057971, 0.9304347826086956, 0.9681159420289855, 0.9420289855072463, 0.9826086956521739], "Precision": [0.8333333333333334, 0.918918918918919, 0.7272727272727273, 0.8415841584158416, 0.4827586206896552, 0.8888888888888888, 0.7636363636363637, 0.6666666666666666], "Recall": [0.967741935483871, 0.8095238095238095, 0.8888888888888888, 0.9340659340659341, 0.6086956521739131, 0.75, 0.8571428571428571, 0.5], "F1 Score": [0.8955223880597015, 0.860759493670886, 0.7999999999999999, 0.8854166666666666, 0.5384615384615384, 0.8135593220338982, 0.8076923076923076, 0.5714285714285715]}