{"Accuracy": [0.9591655570350643, 0.8961384820239681, 0.8894806924101198, 0.9325343985796716, 0.996005326231691, 0.9720372836218375, 0.9826897470039947, 0.9795827785175322, 0.9973368841544608], 
"Precision": [0.6645161290322581, 0.6085714285714285, 0.5602605863192183, 0.4632768361581921, 0.0, 0.0, 0.9921798631476051, 0.0, 0.0], 
"Recall": [0.7202797202797203, 0.6870967741935484, 0.6013986013986014, 0.5899280575539568, 0.0, 0.0, 0.9887968826108134, 0.0, 0.0], 
"F1 Score": [
    0.6912751677852349, 
    0.6454545454545455, 
    0.5801011804384485, 
    0.5189873417721519, 
    0.0, 
    0.0, 
    0.9904854842644547, 
    0.0, 
    0.0]}