{"Accuracy": [0.952063914780293, 0.8841544607190412, 0.8570794496227253, 0.9245450510430537, 0.9920106524633822, 0.9409675987572126, 0.9693741677762983, 0.9778073679538394, 0.9973368841544608], 
"Precision": [0.5916230366492147, 0.5607940446650124, 0.45964125560538116, 0.4345991561181435, 0.0, 0.0, 0.9867517173699706, 0.0, 0.0], 
"Recall": [0.7902097902097902, 0.7290322580645161, 0.7167832167832168, 0.7410071942446043, 0.0, 0.0, 0.9795421334632245, 0.0, 0.0], 
"F1 Score": [
    0.6766467065868264, 
    0.6339410939691444, 
    0.5601092896174863, 
    0.5478723404255319, 
    0.0, 
    0.0, 
    0.9831337081398192, 
    0.0, 
    0.0]}