{"Accuracy": [0.9818621523579202, 
0.992744860943168, 
0.9939540507859734, 
0.992744860943168, 
0.992744860943168, 
0.9939540507859734, 
0.9685610640870617], 
"F1 Score": [0.6511627906976745, 
0.9117647058823528, 
0.9090909090909091, 
0.8421052631578948, 
0.7857142857142856, 
0.9315068493150684, 
0.9810218978102191], 
"AUC ROC": [0.7493742177722151, 
0.9539908018692974, 
0.9166666666666667, 
0.9963008631319359, 
0.9206199206199206, 
0.9581936366746493, 
0.9351728924023897]}