{"Accuracy": [0.9818621523579202, 
0.9975816203143894, 
0.9963724304715841, 
0.9915356711003628, 
0.9939540507859734, 
0.9939540507859734, 
0.969770253929867], 
"F1 Score": [0.6511627906976745, 
0.9705882352941176, 
0.9473684210526316, 
0.8205128205128205, 
0.8148148148148148, 
0.9333333333333332, 
0.9817117776152158], 
"AUC ROC": [0.7493742177722151, 
0.9846636006230991, 
0.95, 
0.9956843403205919, 
0.9212341712341713, 
0.9710742387957578, 
0.9412879930802809]}