{"Accuracy": [0.9806529625151149, 0.9915356711003628, 0.992744860943168, 0.992744860943168, 0.9939540507859734, 0.9915356711003628], 
"Precision": [1.0, 0.9354838709677419, 1.0, 0.7777777777777778, 0.8333333333333334, 0.9411764705882353], 
"Recall": [0.42857142857142855, 0.8529411764705882, 0.8, 0.875, 0.7692307692307693, 0.8648648648648649], 
"F1 Score": [
    0.6, 
    0.8923076923076922, 
    0.888888888888889, 
    0.823529411764706, 
    0.8, 
    0.9014084507042254]}