{"Accuracy": [0.8579210167952792, 0.8461189287335452, 0.8756241488878802, 0.8724466636404903, 0.9001361779391739], 
"Precision": [0.8091168091168092, 0.6844827586206896, 0.7106598984771574, 0.7106796116504854, 0.5781818181818181], 
"Recall": [0.8838174273858921, 0.7179023508137432, 0.8030592734225621, 0.7349397590361446, 0.6045627376425855], 
"F1 Score": [
    0.8448190381755083, 
    0.7007943512797882, 
    0.7540394973070018, 
    0.7226061204343533, 
    0.591078066914498]}