{"Accuracy": [0.8533817521561508, 0.8502042669087608, 0.8856105310939628, 0.8774398547435316, 0.9051293690422152], 
"Precision": [0.7760551248923342, 0.6818923327895595, 0.7631067961165049, 0.7676056338028169, 0.6022727272727273], 
"Recall": [0.9346473029045643, 0.755877034358047, 0.751434034416826, 0.6566265060240963, 0.6045627376425855], 
"F1 Score": [
    0.848, 
    0.7169811320754718, 
    0.7572254335260116, 
    0.7077922077922079, 
    0.603415559772296]}